{
	"level_1":{"new_key":["f","j"],"type":"learn","time":45,"msg":[["左手","食指","不动"],["右手","食指","不动"]]},
	"level_2":{"new_key":["d","k"],"type":"learn","time":45,"msg":[["左手","中指","不动"],["右手","中指","不动"]]},
	"level_3":{"new_key":["s","l"],"type":"learn","time":45,"msg":[["左手","无名指","不动"],["右手","无名指","不动"]]},
	"level_4":{"new_key":["a",";"],"type":"learn","time":45,"msg":[["左手","小拇指","不动"],["右手","小拇指","不动"]]},
	"level_5":{"new_key":["g","h"],"type":"learn","time":45,"msg":[["左手","食指","向中间伸"],["右手","食指","向中间伸"]]},
	"level_6":{"new_key":[],"type":"review","time":120,"msg":["主键位复习"]},
	"level_7":{"new_key":["t","y"],"type":"learn","time":45,"msg":[["左手","食指","向上方的中间伸"],["右手","食指","向上方键位的中间伸"]]},
	"level_8":{"new_key":["r","u"],"type":"learn","time":45,"msg":[["左手","食指","向上"],["右手","食指","向上"]]},
	"level_9":{"new_key":["e","i"],"type":"learn","time":45,"msg":[["左手","中指","向上"],["右手","中指","向上"]]},
	"level_10":{"new_key":["w","o"],"type":"learn","time":45,"msg":[["左手","无名指","向上"],["右手","食指","向上"]]},
	"level_11":{"new_key":["q","p"],"type":"learn","time":45,"msg":[["左手","小拇指","向上"],["右手","小拇指","向上"]]},
	"level_12":{"new_key":[],"type":"review","time":120,"msg":["主键位及上键位复习"]},
	"level_13":{"new_key":["b","n"],"type":"learn","time":45,"msg":[["左手","食指","向下方的中间伸"],["右手","食指","向下方键位的中间伸"]]},
	"level_14":{"new_key":["v","m"],"type":"learn","time":45,"msg":[["左手","食指","向下"],["右手","食指","向下"]]},
	"level_15":{"new_key":["c",","],"type":"learn","time":45,"msg":[["左手","中指","向下"],["右手","中指","向下"]]},
	"level_16":{"new_key":["x","."],"type":"learn","time":45,"msg":[["左手","无名指","向下"],["右手","无名指","向下"]]},
	"level_17":{"new_key":["z","/"],"type":"learn","time":45,"msg":[["左手","小拇指","向下"],["右手","小拇指","向下"]]},
	"level_18":{"new_key":[],"type":"review","time":120,"msg":["主键位及上键位及下键位复习"]},
	"level_19":{"new_key":[],"type":"endless","health":5,"msg":["无尽模式"]},
}